ID,Name,Description
1,Swallowed Penny (삼킨 동전),"피격을 당하면 무작위 동전을 100%의 확률로 한 개 드랍한다. 니켈이나 다임, 럭키 페니도 드랍할 수 있다.키퍼는 돈을 50%의 확률로만 드랍한다. 항아리 오브젝트나 스페셜 그리드 인형을 파괴시 확률적으로 얻을 수 있다."
2,Petrified Poop (굳은 똥),똥을 부술 시 기타 아이템이 나올 확률이 50%로 증가한다. 똥을 부술 때 적은 확률로 드랍된다. 2*2사이즈 방에서 A Card Against Humanity와 시너지 효과가 엄청나다.
3,AAA Battery (AAA 건전지),액티브 아이템의 완충에 필요한 충전 게이지가 한 칸만 남았을 경우 그 게이지를 자동으로 채워준다. 1칸짜리(9 Volt가 있을 경우 2칸짜리) 또는 자동으로 충전되는 아이템에는 적용되지 않는다.The Battery의 두번째 충전 게이지는 이 장신구의 효과가 없다. Schoolbag에 의해 두번째 액티브 아이템도 자동으로 채워준다.
4,Broken Remote (고장난 리모컨),"액티브 아이템을 사용할 시 텔레포트를 한다. 충전 게이지가 없는 Remote Detonator 등의 아이템이나 사용 전에 모션이 있는 Shoop Da Whoop! 등의 아이템을 가지고 있으면 무한 텔레포트가 가능하다. 액티브 아이템을 사용하는 즉시 발동되기 때문에 Plan C나 성경을 들고 엄마발등의 일부 보스방에서 사용시 보스 사망 모션이 나오기 전에 텔레포트를 하여 재시작 해야되니 주의. 또한 해당층에 있는 방들 중 하나로 텔레포트 될뿐이니 악마방, 천사방, 에러방, 레트로방 등은 이동할 수 없다."
5,Purple Heart (퍼플 하트 훈장),챔피언 몬스터의 등장 확률이 2배 증가한다. 챔피언 보스의 등장 확률도 증가한다.
6,Broken Magnet (깨진 자석),바닥에 떨어진 동전류를 플레이어 쪽으로 천천히 끌어온다.Magneto와 달리 다른 기타 아이템은 끌어오지 않는다.
7,Rosary Bead (묵주 구슬),"장착 시 한정으로 책방에서 45% 상점에서 13%로 The Bible 액티브 아이템이 나올 확률 증가. 천사방의 등장 확률을 25% 더 올려준다. 다만 보스 클리어 후 다음층으로 내려갈때의 천사방, 악마방의 확률을 개별로 증가시켜주지는 않는다."
8,Cartridge (카트리지),피격 시 일정한 확률로 The Gamekid 효과가 발동된다. 기본 확률은 10%이며 럭 수치가 38일때 100% 발동한다.
9,Pulse Worm (콩 벌레),눈물이 날아가면서 커졌다 작아졌다를 반복한다. 커지거나 작아진 것에 따라 히트박스 크기가 달라진다. 다만 대미지에는 전혀 영향이 없다. 혈사는 이것에 영향을 받으려면 루도비코가 같이 있어야 한다.
10,Wiggle Worm (꿈틀 벌레),오리지널에서 패시브 아이템이던 그것.공격 속도를 0.83 증가시키고 지형 관통 능력이 부여되며 눈물이 S자 곡선을 그리며 날아간다.
11,Ring Worm (흰옴 벌레),공격속도을 1.08 증가시키고 눈물이 빠른 속도로 소용돌이를 치며 날아가며 지형 관통 능력이 부여된다. 거리 효과는 없음에도 불구하고 히트박스 범위가 넓다는 느낌을 준다.
12,Flat Worm (납작 벌레),눈물의 모양이 납작해지고 넓은 타원형 모양으로 변한다. 눈물에 넉백 효과가 추가된다. Polyphemus와 Cupid 's Arrow가 같이 있으면 시너지 효과로 눈물크기가 거의 두배로 커진다.
13,Store Credit (외상 증서),"소지하고 있으면 상점의 모든 아이템이 무료가 된다. 무료가 된 아이템을 하나 사면 장신구는 사라진다. 단, 장신구를 사면 해당 장신구가 사라지지 않는다. 하트를 요구하는 악마방이나 블랙 마켓에선 적용되지 않는다."
14,Callus (굳은살),"가시, 적들이 흘린 피에 대미지를 입지 않는다.가시돌, 저주 방의 출입구, 그리드 모드의 웨이브 정지 버튼에는 대미지를 입는다."
15,Lucky Rock (행운석),폭파시킬수 있는 모든 오브젝트들을 부술 때마다 33%의 확률 동전 1원이 드랍된다.적이나 트롤 폭탄이 돌을 부숴도 돈이 떨어질 수 있다.Bomb Rock은 부숴도 동전이 드랍되지 않는다.
16,Mom's Toenail (엄마의 발톱),습득한 시간에 관계 없이 매 분 00초에 300데미지나 주는 엄마 발이 랜덤한 위치에 떨어진다. 당연하지만 이 발에 맞으면 하트 1칸의 대미지를 입으니 주의. 폭발 효과로 취급되기 때문에 아주 적은 확률이지만 방문이나 비밀방을 열수 있기도 하다.에덴이 이 장신구를 매우 싫어합니다
17,Black Lipstick (검은 립스틱),방 클리어시 블랙하트가 나올 확률이 증가한다. 이 장신구는 천사방이나 악마방의 확률을 건들지 않는다.
18,Bible Tract (교회 찌라시),방 클리어시 이터널 하트가 나올 확률이 증가한다. 이 장신구는 천사방이나 악마방의 확률을 건들지 않는다.
19,Paper Clip (종이 클립),"열쇠 소모 없이 황금 상자를 열 수 있게 된다. 방문, 열쇠 블록, 열쇠 거지에게는 기존 열쇠가 소모된다. 구피의 꼬리와 궁합이 좋다. 그리드모드에서 68코인 기부시 카인이 기본으로 들고 시작한다."
20,Monkey Paw (원숭이 손),피격을 입었을때 반드시 빨간 체력만 반 칸 남게 되면 블랙 하트를 1개 드랍한다. 총 3번 사용할 수 있으며 장신구 자체의 손가락이 접히는 것으로 사용한 횟수가 나타난다. 같은 방에서 연속으로 발동하지 않는다.
21,Mysterious Paper (신비한 종이),피격시 적은 확률로 다음중 하나가 랜덤하게 발생한다.A Missing Page : 현재 방 전체 공격 효과(Necronomicon 효과)The Polaroid : 잠시동안 보호막 생성Negative : 현재 방 전체 공격 효과(Necronomicon효과와 비슷함)Missing Poster : 희생방에서 가운데 가시를 이용하여 자살하면 The Lost 캐릭터 언락. 사망시 The Lost로 부활. 자세한 설명은 Missing Poster 항목 참고.
22,Daemon's Tail (악마의 꼬리),"픽업템이 떨어질때 하트류의 드랍 확률이 20% 줄어들고 열쇠 드랍확률이 살짝 늘어나며 하트류 드랍시 가능하면 SIN 하트로 대체된다. 방에 들어갈때 기존에 하트가 있었다면 그 하트는 SIN하트로 대체된다. 푸른 모닥불이나 little C.H.A.D처럼 블랙하트가 나올수 없는 아이템이나 오브젝트등은 효과가 없다. VI-The Lovers, V-Hierophant 카드 사용시 SIN하트가 나오지 않고 각각 빨간하트, 소울하트만 나온다. 빨간 하트를 얻지 못하는 ??? 캐릭터와 상성이 매우 좋다. Mitre 패시브 아이템, Mom 's Pearl 장신구, Bible Tract 장신구의 시너지 영향을 받지 않는다. Ace of Hearts카드 사용시 변환되는 하트들은 무조건 SIN하트로 변한다."
23,Missing Poster (실종 포스터),이 장신구를 가진채 희생방에서 가운데 가시를 이용해서 자살하면 The Lost 캐릭터가 언락된다.이 장신구를 소지하고 있을때 The Lost로 부활한 후 사라진다. 부활 순서는 시스템 문서 아이템 우선순위 문단 참고. The Lost로 부활 후 특정 보스를 처치함으로써 해금되는 도전 과제는 전부 'The Lost'로 플레이한 것으로 간주된다. 단 Victory Lap이나 Rerun시 그리고 도전모드 도전중에는 로스트 언락이 불가능하다.
24,Butt Penny (똥전),동전을 먹으면 적을 밀어내며 독 데미지를 주는 방귀를 뀐다.똥에서 동전이 나올 확률이 증가한다.
25,Mysterious Candy (이상한 초콜릿),최대 30초 이내로 랜덤하게 캐릭터가 있는 자리에다 똥을 생성하거나 방귀를 뀐다.
26,Hook Worm (후크 벌레),공격속도가 눈물의 거리가 1.5 증가하며 지형 관통 능력이 부여된다. 눈물이 90도로 각져서 지그재그로 날아간다. 눈물의 거리가 증가해도 지그재그로 이동하기때문에 실제로는 눈물의 최종거리는 변함이 없다.
27,Whip Worm (채찍 벌레),샷 스피드가 0.5 증가한다. 때문에 사거리가 늘어난 것처럼 보인다.
28,Broken Ankh (부서진 앙크),캐릭터가 사망시 22.22% 확률로 Ankh의 효과가 발동될 확률이 생긴다. 부활하면 ???캐릭터로 부활하게 되며 이후의 체크리스트는 ???로 적용된다. 이 장신구는 럭 수치의 영향을 받지 않는다.
29,Fish Head(물고기 머리),피격당할 시 적에게 날아가는 푸른색 아군 파리가 생긴다.
30,Pinky Eye(분홍 눈알),10% 확률로 중독 상태이상 효과를 주는 눈물을 발사한다.Dr Fetus의 폭탄에도 적용된다.럭이 18일 경우 100% 확률로 항상 독성 눈물이 나간다.
31,Push Pin(압핀),10%의 확률로 적과 장애물을 관통하는 효과를 가진 세모 모양의 눈물이 나간다.행운 수치가 18일 경우 100% 확률로 이 눈물이 나간다.
32,Liberty Cap(환각 버섯),"방 클리어 여부에 상관없이 25%의 확률로 방에 들어갈 때마다 임의의 버섯(Mini Mush, 넓적한 Odd Mushroom, 홀쭉한 Odd Mushroom, Blue Cap, Magic Mushroom, God's Flesh) 효과를 얻는다.본래 버섯이 아닌 The Compass 효과도 발동되었는데, 오리지널때 생긴 버그인데 팬들의 인기에 힘입어 그냥 정식 기능으로 이식했다가 결국 리펜턴스에서 삭제되었다.일반 드랍외에 버섯 오브젝트 파괴시 일정 확률로 얻을 수 있다."
33,Umbilical Cord(탯줄),"빨간 하트 반 칸 이하가 남았을 때 Little Steven가 생성된다. 이 장신구의 효과로 생성된 Little Steven은 빨간하트가 한 칸 이상이 될 때까지 남아있고, 생성 조건을 만족하지 않으면 다음 방에서 사라진다.추가로 대미지를 입을 때 확률적으로 Gemini 패밀리어가 생성된다. Gemini는 한 방에 여러 마리 생성될 수 있으며, 방을 넘어가면 사라진다."
34,Child's Heart(아이의 심장),"방 클리어, 상자류에서 10%확률로 나올 수 있는 보상을 빨간하트로 바꾼다. 또한 상자, 색돌, 슬롯머신, 점술기계에서 보상이 나올때 하트류가 추가로 나올 확률이 생긴다.헌혈기계에서 기부를 하면 이 장신구가 적은 확률로 나온다.챌린지(도전 모드) 34번 Ultra Hard 클리어시 Samson 캐릭터가 이 아이템을 기본으로 들고 시작한다."
35,Curved Horn(굽은 뿔),"공격력 최종 계산 후, 이 장신구가 추가로 공격력을 2 증가시킨다. 단 일부 배율에 적용되는데 대상은 다음과 같다.- Magic Mushroom 또는 Cricket 's Head(중첩이 되지 않으므로) : 1.5배이므로 3이 올라간다.- Soy Milk : 80%가 감소되어 0.4가 증가한다.- Odd Mushroom : 35%가 감소되어 1.3이 증가한다."
36,Rusted Key(녹슨 열쇠),"방 클리어 보상에서 10% 확률로 원래 나올 보상 대신 열쇠가 나온다. 또한 상자, 색돌, 슬롯머신, 점술기계에서 보상이 나올때 열쇠류가 추가로 나올 확률이 생긴다."
37,Goat Hoof(염소 발굽),이동 속도를 0.15 증가시킨다. 이 수치는 이동 속도에서 아이템 등에 의해 깎인 최대 수치를 넘길 수 있다. 단 2를 넘지는 않는다.
38,Mom's Pearl(엄마의 진주),하트류 픽업템이 나올때 소울 하트로 대체되어 나올 확률이 10% 증가한다.Mitre의 효과와 중복된다.
39,Cancer(암),공격 속도가 1.0 증가한다. 이 수치는 각 캐릭터가 가지는 기본 한계 수치를 넘길 수 있다.리펜턴스에서 공격 속도 공식이 바뀌면서 위력이 하락했다.
40,Red Patch(빨간 헝겊),현재방에서 피격시 일정 확률로 1.8의 데미지가 올라간다.럭 수치가 8일때 100% 확률로 발동한다.방 한정으로 효과 중첩이 가능하기 때문에 Dull Razor등을 사용하여 피격효과만 따로 얻고 발동시킬수도 있다.
41,Match Stick(성냥개비),"일반 드랍 이외에도 TNT통에서 가끔 드랍될 수 있으며 방 클리어시 나오는 보상을 10%확률로 폭탄류로 바꾼다. 또한 상자, 색돌, 슬롯머신, 점술기계에서 보상이 나올때 열쇠류가 추가로 나올 확률이 생긴다. 이 장신구로 장신구 Tick을 밀어내는 게 가능하다. 단 장신구 슬롯을 늘려주는 Mom's Purse나 Belly Button 패시브 아이템들이 있을때는 슬롯 하나를 차지하기 때문에 밀어내기 효과가 사라진다."
42,Lucky Toe(행운의 발가락),"럭 수치가 1 증가한다. 33% 확률로 황금상자 오픈시, 기계류 파괴시, 색돌 파괴시 추가로 픽업 아이템 하나 더 드랍한다. 럭 수치와 관계없이 방 클리어시 픽업 아이템이 나올 확률이 높아진다."
43,Cursed Skull(저주받은 해골),"소울, 블랙하트와 상관없이 현재 빨간 하트 체력이 반 칸 이하인 상황에서 피격 시 바로 랜덤한 방으로 순간이동한다. 홀리멘틀을 가지고 있는 로스트는 적용되지 않으며 ???의 경우 발동되지 않는다. 포가튼의 뼈하트 체력 및 획득한 뼈하트 역시 계산에서 제외된다."
44,Safety Cap(안전 마개),"방 클리어 보상에서 10% 확률로 원래 나올 보상 대신 알약이 나온다. 또한 상자, 색돌, 슬롯머신, 점술기계에서 보상이 나올때 알약이 추가로 나올 확률이 생긴다."
45,Ace of Spades (스페이드 에이스),"방 클리어 보상에서 10% 확률로 원래 나올 보상 대신 카드가 나온다. 또한 상자, 색돌, 슬롯머신, 점술기계에서 보상이 나올때 카드가 추가로 나올 확률이 생긴다."
46,Isaac's Fork (아이작의 포크),방을 클리어 시 10% 확률로 하트가 반 칸 회복되며 키퍼는 코인체력을 한칸 채워준다. Maggy 's Bow 아이템과는 시너지가 없다. Luck 수치가 18일 때 100% 확률로 발동된다.
48,A Missing Page (찢어진 페이지),"Necronomicon, Black Heart 효과로 발동되는 전체 방 데미지가 40 증가하며 피격 시 5%의 확률로 Necronomicon 효과가 발동된다.운 확률에 따라 달라지며 럭이 약 50~60수치일때 50% 확률정도로 발동된다. Missing Poster와 이름이 비슷해서 로스트 해금할때 혼동하는 사람들도 있다. Holy Mantle이 있을때는 보호막이 해제되어야 가능하다."
49,Bloody Penny (피투성이 동전),동전 획득 시 확률적으로 하트 반 칸이 소환된다. 확률은 동전의 가치에 비례한다. IV Bag과 궁합이 좋다. 스페셜 그리드 인형을 처치할 때 낮은확률로 드랍되기도 한다.
50,Burnt Penny (불탄 동전),동전 획득 시 확률적으로 랜덤한 폭탄 하나가 소환된다. 확률은 동전의 가치에 비례한다. TNT통을 부수거나 스페셜 그리드 인형을 처치할 때 낮은확률로 드랍되기도 한다.
51,Flat Penny (기념주화),동전 획득 시 확률적으로 랜덤한 열쇠 하나가 소환된다. 확률은 동전의 가치에 비례한다. 스페셜 그리드 인형을 처치할 때 낮은확률로 드랍되기도 한다.
52,Counterfeit Penny (위조 동전),"코인류 획득 시 확률적으로 코인+1 효과를 얻는다. 확률은 동전의 가치에 비례한다. 일반적으로 발견될수 있으나 추가적으로 황금 똥, 일반 거지, 야바위꾼 거지(승리시)에게서도 일정 확률로 나올 수 있다. 키퍼가 체력이 깎여 있는 상태에서 이 장신구의 효과가 발동시 +1 효과는 체력 회복으로 적용된다. 즉 코인 1개는 온전하게 획득 가능."
53,Tick (진드기),"보스를 포함한 적의 체력이 60 이상인 경우 체력이 15% 깎여서 등장하고, 클리어하지 않은 보스 방에 진입 시 캐릭터의 빨간 하트 체력 1칸이 회복된다. 이 장신구를 한 번 착용했다면 Match Stick을 착용해 밀어내거나 Marbles, Smelter 아이템, Gulp! 알약으로 흡수하기 전까지 타 장신구로 교체가 불가능하다. 황금 Tick은 체력 감소 효과가 2배로 적용되고 일반적으로 교체가 가능하다.소지 시 캐릭터의 외형이 변하는 유일한 장신구로, 아이작 머리에 진드기가 박힌 모습이 된다."
54,Isaac's Head (아이작의 머리),패밀리어. 적을 관통하는 3.5공격의 눈물을 쏜다. 장신구를 버렸다가 다시 획득하면 첫번째 패밀리어 쪽으로 소환순서가 바뀐다.
55,Maggy's Faith (매기의 믿음),매 층을 시작할 때마다 이터널 하트 한 칸이 주어진다. 키퍼로는 하트는 커녕 파리조차도 생성되지 않는다.
56,Judas' Tongue (유다의 혀),악마 방의 2개짜리 거래 하트가 1개짜리로 감소한다. 소울 하트 거래에는 적용되지 않는다.
57,???'s Soul (???의 영혼),"패밀리어. 아이작이 기본적으로 쏘는 눈물 사거리와 3.5의 공격력,그리고 장애물을 통과하는 유도 눈물을 쏜다. The Peeper 눈알처럼 방 안을 튕겨다닌다."
58,Samson's Lock (삼손의 머리채),적을 죽일 시 1/15의 확률로 공격력이 0.5씩 증가한다. 현재 방 안에서만 효과가 있고 방을 나갈시 초기화 되며 중첩은 매번 10회까지 가능하다. 럭 수치가 10일 경우 100% 확률로 장신구 효과가 발동된다. Bloody Lust의 효과와 중첩된다.
59,Cain's Eye (카인의 눈),층을 시작할 때 25% 확률로 그 층에서만 Compass 효과가 발동한다. 행운 수치가 3일때 100% 확률로 발동한다.
60,Eve's Bird Foot (이브의 새 다리),"해당 방 안에서 적을 죽일때마다 5% 확률로 Dead Bird와 비슷한 효과가 발동된다. 이 때의 새는 다리가 하나 없는 투명한 생김새를 띄며, 일반적인 Dead Bird로 생성되는 새보다 공격력이 약한 초당 4의 데미지를 입힌다. 이 새는 중복으로 소환할 수 없다. Luck 수치가 8일 때 100% 확률로 생성된다."
61,The Left Hand (왼손목),"장착 이후 나오는 모든 상자가 빨간 상자로 바뀐다. 이미 본 상자들은 빨간 상자로 바뀌지 않는다. Old Chest와 Mega Chest는 바뀌지 않는다.Chest 시작방에 있는 황금 상자 4개도 영향을 받는데, 이 상자를 열면 Dark Room 시작방에 나오는 빨간 상자들처럼 악마방 아이템들을 체력 거래로 제시한다."
62,Shiny Rock (빛나는 돌),x가 표시된 바위나 레트로 보물방 입구를 가리는 돌이 현재 방에 있을때 10초마다 흰색으로 반짝인다.
63,Safety Scissors (안전 가위),"트롤 폭탄, 슈퍼 트롤 폭탄, 황금 트롤 폭탄이 터질듯 하다가 마지막에 픽업아이템인 폭탄과 1+1폭탄으로 변한다. 리펜턴스에서 등장하는 거대 폭탄 또한 픽업으로 바뀌므로 집어서 직접 사용할 수 있다.Wrath가 날리는 폭탄과 주황색 챔피언 Little Horn이 던지는 주황 트롤 폭탄은 변하지 않는다."
64,Rainbow Worm (무지개 벌레),"장신구를 획득한 순간부터 3초마다 눈물 공격시 worm 장신구들의 효과가 나타난다. Pulse Worm, Ring Worm, Tape Worm, Whip Worm, Wiggle Worm, Flat Worm, Hook Worm, Lazy Worm, Ouroboros Worm, Brain Worm 순서대로 돌아가면서 변한다."
65,Tape Worm (테이프 벌레),사거리를 +3 얻으며 눈물의 높이가 절반으로 줄어든다. 아자젤이 이걸 가지고 있으면 사거리가 많이 늘어나며 더 포가튼이 가지고 있으면 뼈다귀를 휘두른 후 검기가 캐릭터 한참 앞에 생성된다.
66,Lazy Worm (게으른 벌레),눈물의 속도가 0.5 감소하고 눈물 높이가 2 증가한다. 눈물의 속도가 낮은 점 때문에 유도성 눈물을 가지고 있을 경우 명중률이 높아진다.
67,Cracked Dice (갈라진 주사위),"피격시 D6, D8, D12, D20 중 하나를 발동할 확률이 생긴다. 그리드 모드에서나 헌혈기 등이 있을때 효과가 좋다."
68,Super Magnet (슈퍼 자석),"모든 픽업 아이템과 적이 느리게 끌려온다. 픽업 아이템은 구덩이나 장애물이 있어도 무시하고 끌려오지만 열쇠 블록은 통과하지 못한다. 하트류는 회복이나 추가될 체력이 없다면 끌려 오지 않는다. 울트라 그리드 보스에서 문들이 이 장신구의 영향을 받는다. 장신구, 상자, 자루는 끌려 오지 않는다."
69,Faded Polaroid (빛바랜 폴라로이드 ),"때때로 아이작이 보호색을 띄면서, 방 안의 모든 적에게 혼란 상태이상 효과를 부여한다. 혼란은 투명해 질때만 적용 되므로, 그 후에 소환된 몹에겐 혼란이 적용 되지 않는다. The Polaroid, The Negative와 마찬가지로 Mausoleum 2로 가는 길을 열 수 있으며, Faded Polaroid가 우선적으로 소모된다. 대신 Gulp! 효과로 흡수된 상태라면 문을 열 수 없다."
70,Louse (이),적이 있는 방에 있을 때 확률적으로 아군 거미가 생성된다.
71,Bob's Bladder (밥의 방광),"폭탄을 놓으면 폭탄 아래에 녹색 장판이 생긴다. 폭발하면 장판이 잠시 후 사라진다.장판의 대미지는 무려 틱당 23.3으로 대미지 비례 장판을 제외한 장판 중 가장 대미지가 높지만, 장판의 크기가 작고 오래 남지 않기 때문에 공격용으로 쓰기에는 부적합하다."
72,Watch Battery (시계약),"방 클리어시 배터리 픽업 아이템이 등장할 확률이 6.67% 올라가며, 액티브 아이템의 충전 게이지를 추가로 한칸 더 채울 확률이 5% 생긴다. 상자나 자루등 랜덤으로 픽업이 떨어지는 아이템에서 배터리가 나올 확률이 2% 증가한다."
73,Blasting Cap (종이 화약),폭탄이 터질때 10% 확률로 또 다른 픽업 폭탄이 나올 확률이 생긴다. 황금 폭탄을 이용하여 무한 파밍이 가능하나 Dr. Fetus로 발사되는 폭탄은 발동되지 않는다.
74,Stud Finder (벽체 탐지기),돌을 부술 때 레트로 보물방으로 들어갈 수 있는 문을 만들 확률이 생긴다.
75,Error (오류),"방마다 다른 종류의 장신구의 효과가 적용된다. 결정된 장신구는 방마다 '귀속' 되어 있어 다른 방에 나갔다 들어와도 해당 방에서 결정된 장신구의 효과가 바뀌지는 않는다. 예를 들어, 만약 상점에서 Store Credit 장신구의 효과가 적용되거나 악마방에서 Your Soul의 효과가 적용된다면 그 상점을 공짜로 털어먹을 수 있다. Monkey Paw가 적용된 방은 손가락이 접히지 않으므로 무한정 가능하다. Tick이 적용된 방은 장신구를 교체할 수 없다. Walnut이 적용된 방은 계속 폭발 피격하다보면 픽업템들을 얻을 수 있다.현재 소지하고 있거나 Gulp! 효과로 흡수된 장신구의 효과는 중복으로 발동되지 않는다."
76,Poker Chip (포커 칩),50대 50의 확률로 상자에서 픽업 보상이 더 많이 나오거나 보상이 안나오고 빨간 파리 하나가 튀어나온다.
77,Blister (물집),"눈물의 넉백을 증가시킨다. 눈물이 아닌 공격 수단의 경우(혈사, 칼 등)에도 적을 넉백시킨다."
78,Second Hand (초침),적에게 걸린 상태이상 효과의 지속시간을 두 배로 증가시킨다.
79,Endless Nameless (끝없는 무명),"카드, 알약, 룬을 사용했을때, 25% 확률로 사용한 픽업이 생성된다.황금 알약의 경우는 사용할 때마다 장신구의 효과가 발동될 수 있다."
80,Black Feather (검은 깃털),해당 아이템을 소유하고 있으면 개당 0.5씩 데미지가 올라간다. Goat Head를 제외하면 획득시 Evil Up이나 Sin Up이라는 문구가 등장하는 아이템들이다.-해당 아이템AbaddonBlack CandleBlack LipstickCeremonial RobesDaemon's TailFalse PHDGoat HeadMatch BookMissing PageSafety Pin
81,Blind Rage (눈 먼 분노),"피격후 무적시간이 증가한다. 최대 헌혈기에는 두번 악마거지에게는 최대 세번 기부할 수 있다. 단, 리펜턴스부터는 반드시 하트를 소모하는 경우에만 헌혈 및 기부가 인정되게끔 변경되어서 위와 같은 편법은 사용할 수 없다."
82,Golden Horse Shoe (황금 말굽),습득 후 다음 층부터 15%의 확률로 보물방에 하나만 고를 수 있는 선택형 아이템이 두 개 배치된다.
83,Store Key (상점 열쇠),들고 있는 동안 모든 상점 문을 열 때 열쇠를 소모하지 않는다. 다만 Pay To Play를 먹었을 경우에는 효과가 없다. Keeper 캐릭터로 Sheol 스테이지의 보스 Satan을 클리어하면 앞으로 Keeper 캐릭터가 이 장신구를 가지고 게임을 시작한다.
84,Rib of Greed (탐욕의 늑골),"상점과 비밀방에서 Greed 미니보스와 Super Greed 미니보스가 등장하지 않게 된다. 이미 Greed 미니보스와 Super Greed 미니보스드를 퇴치한 후여도 이 장신구를 획득하고 다시 가보면 본래의 상점이나 비밀방으로 돌아온다. 방클리어 시, 하트의 드랍 확률을 조금 줄이고, 동전의 드랍 확률이 오른다."
85,Karma (업보),기부 기계에 기부할 때 마다 하트 한칸을 회복하거나 거지가 소환되거나 기부한 돈을 돌려받을 확률이 생긴다. 기부 기계에 기부할 때의 행운 수치가 올라갈 확률이 살짝 증가한다.
86,Lil Larva (리틀 라바),"똥이 파괴될때마다, 파란 파리들이 생성된다. 아쉽게도, 붉은 똥에서는 파란 파리가 생성되지 않는다."
87,Mom's Locket (엄마의 로켓),"열쇠를 소모할 때마다 하트 반칸의 체력이 회복된다. 빨간하트 반칸 픽업템은 전부 1칸짜리 하트로 바뀐다. 열쇠를 소모해야 하기 때문에 골든키를 가지고 있거나 Paper Clip을 흡수한 상태면 이 장신구가 동작하지 않으므로 주의. Keeper 캐릭터의 체력도 회복시킬 수 있으며 알트 ""Bethany"" 캐릭터의 경우는 빨간 하트 게이지가 차오른다."
88,NO! (아니!),"들고 있는 동안 아이템 배열에서 액티브 아이템이 아예 나오지 않게 된다.(황금&악마&천사&상점)특정 보스를 잡아서 나오는 액티브 아이템과 헌혈기계의 보상도 영향을 받는다.단, Rosary를 먹은 후 배열에 추가되어 나오는 The Bible은 예외다. 패시브 아이템 배열이 소모되면 Breakfast가 나온다.Book of Virtues는 시스템상 패시브 아이템이기 때문에 등장하며 TMTRAINER의 효과로 등장하는 글리치 아이템은 액티브 아이템으로 등장할 수 있다.두 개 이상을 소지하고 있거나 황금 버전을 소지하고 있으면 퀼리티 0의 아이템들은 자동으로 리롤된다."
89,Child Leash (미아 방지끈),캐릭터 뒤를 따라오는 패밀리어들 사이의 거리를 상당히 좁혀준다.
90,Brown Cap (갈색 화약),똥을 파괴할 경우 작은 폭발을 일으키며 100의 피해를 준다. 붉은똥은 폭발하지 않는다.
91,Meconium (태변),새로운 방에 입장시 기존 똥들이 똥을 부수면 적에게 소량의 대미지와 혼란을 주는 검은색 똥으로 대체 등장할 확률이 상승한다. 또한 검은 똥을 부쉈을 때 블랙 하트를 드랍할 확률이 증가한다. 똥이 없는 방이나 처음부터 검은 똥으로 있는 방에는 추가 생성되지 않으며 Re-lax 알약이나 D12 액티브 아이템 등으로 인해 똥이 추가 생성될 때만 확률적으로 대체된다.자연적으로 생성된 빨간 똥도 이 장신구의 효과를 받는다.
92,Cracked Crown (부서진 왕관),"눈물속도, 공격속도, 이동속도, 공격력, 운이 각 캐릭터의 기본 능력치보다 높으면 현재 가진 최종 스탯에서 약 20% 정도 상승하며 공격속도는 추가로 20% 증가한다.하나의 스탯이 캐릭터의 기본 이하일 때는 그 스탯만 장신구의 영향을 받지 않는다. 이 장신구로 상승하는 능력치 중 공격속도는 Cancer 장신구처럼 한계 수치를 내릴 수 있다. 데일리 챌린지를 연속으로 승리해야하는 조건 때문에 은근 언락하기 어렵다."
93,Used Diaper (쓴 기저귀),"장신구를 가지고 있을때 방에 입장시 일정 확률로 Skatole의 효과가 적용된다. 효과가 발동되면 Ring Fly, Dart Fly, Attack Fly는 그 즉시 검은 파리로 변하고 Pooter, Super Pooter는 발포를 멈춘다. Boom Fly는 천천히 움직인다. 파리들이 있어도 장신구를 내려놓았다가 다시 집어서 확률상 효과를 발동시킬수 있으며 발동된 상태에서 내려놓을경우 Pooter계열을 다시 발포를 시작하고 Boom Fly는 이동 속도가 원래대로 돌아온다. 한번 변한 검은 파리들은 다시 원복하지 않는다."
94,Fish Tail (생선 꼬리),"파리나 거미를 생성하는 아이템이나 장신구의 생성량이 2배가 된다. 그런데 의외로 여기 해당하는 아이템 또는 장신구가 적은데, 적용되지 않거나 일부만 적용되는 아이템은 주요 시너지 효과 참고."
95,Black Tooth (검은 이빨),공격 시 일정확률로 적을 중독시키는 검은 이빨이 발사된다. 검은 이빨의 데미지는 현재 눈물 데미지의 2배이다. Luck 수치가 32 이상일 때 무조건 검은 이빨이 발사된다.
96,Ouroboros Worm (함미 벌레),"사거리가 1.5, 눈물 높이가 2 증가한다. 눈물이 거대한 나선을 그리며 날아간다. 그리고 눈물이 장애물을 관통하게 된다.일정 확률로 유도성 눈물이 발사되며 Luck 수치가 9 이상일 때 모든 눈물에 유도 능력이 부여된다. 다만 외형상의 차이는 없다. 생각보다 컨트롤이 어려워서 사용하기 힘든 장신구이다."
97,Tonsil (편도선),"피격 시 일정 확률로 Tonsil이 뒤에 따라붙고, 적의 발사체를 막는다. 이 아이템이 발동되기 위한 평균 피격은 약 16번 정도 걸린다. 총 두번 적용되며 두번 다 생성되면 해당 장신구는 사라진다."
98,Nose Goblin (콧물딱지),공격 시 일정확률로 적에게 달라붙어 중독시키는 눈물을 발사한다. 하나의 적에게 여러개 부착할 수 있으며 부착시 개당 10초까지 또는 적이 죽을때까지 초당 한번 캐릭터의 현재 공격력 만큼 데미지를 입힌다. 행운 수치의 영향을 받지 않는다.
99,Super Ball (탱탱볼),공격 시 일정확률로 벽이나 적에 튕겨져 나오는 눈물을 발사한다. Rubber Cement와 비슷하지만 Brimstone과 Technology와는 시너지가 없다.
100,Vibrant Bulb (선명한 전구),"가지고 있는 액티브 아이템의 충전량이 최대치일 때만 스탯들이 증가한다. 상승하는 스탯은 이동속도 +0.25, 공격거리 +0.75, 눈물 딜레이 +0.20, 탄속 +0.1, 데미지 +0.5, 럭 +1. 액티브 아이템이 없다면 스탯이 오르지 않는다. 완충이 덜된 아이템에서 충전이 아예 없는 아이템으로 변환하면 해당 효과가 생기지 않는 버그가 가끔 있는데 장신구를 내려놓았다가 다시 집으면 해결된다. Schoolbag 보유시 첫번째 슬롯의 액티브 아이템의 충전 게이지에만 영향을 받는다."
101,Dim Bulb (흐릿한 전구),"가지고 있는 액티브 아이템의 충전량이 0일 때만 스탯들이 증가한다. 상승하는 스탯은 이동속도 +0.5, 공격거리 +1.5, 눈물 딜레이 +0.40, 탄속 +0.3, 데미지 +1.5, 럭 +2. 충전량이 0으로 되어있을때가 많지 않다보니 스탯 상승폭은 Vibrant Bulb보다 증가치가 높다. 액티브 아이템이 없다면 스탯이 오르지 않는다. Schoolbag 보유시 첫번째 슬롯의 액티브 아이템의 충전 게이지에만 영향을 받는다."
102,Fragmented Card (조각난 카드),소지하고 있을때 그 다음 층부터 비밀방을 두 개로 만든다. 소지하고 내려가면 버리더라도 그 층의 비밀방이 사라지진 않는다.  Forget Me Now 효과가 발동되면 현재층에도 비밀방이 2개가 발생한다. 일급비밀방은 해당없으며 그리드 모드 비밀방은 일급비밀방 취급이라 추가로 생기지 않는다.
103,Equality! (똑같아!),"가지고 있는 픽업아이템들의 수가 모두 같을때 나오는 픽업아이템들이 1+1로 두개 붙어서 나온다. 조건만 맞으면 현재 있는 픽업 아이템들도 즉시 효과를 보게 되며 붙어서 나온 템은 장신구 효과가 해제되어도 다시 하나로 되돌아가지 않는다. 상점류에서 이 효과가 새로 발동될 경우 열쇠, 하트, 폭탄 픽업의 가격이 즉시 무료화 된다. 알트 ""???""의 경우 똥은 계산되지 않기 때문에 효과를 보기 더 쉽다."
104,Wish Bone (창사골),피격 시 2% 확률로 장신구가 파괴되고 현재방에 맞는 배열의 랜덤 아이템이 하나 나온다.
105,Bag Lunch (점심 도시락),피격 시 2% 확률로 장신구가 파괴되고 패시브 아이템 Lunch가 나온다.
106,Lost Cork (잃어버린 코르크),캐릭터와 패밀리어가 생성하는 장판류의 범위가 크게 늘어난다. Lemon party 알약은 한가운데에서 쓰면 거의 1*1방을 뒤덮는다.
107,Crow Heart (까마귀 심장),"피격 시 소울하트, 블랙하트, 썩은 하트 대신 빨간하트가 먼저 소모되게 된다. 이것 때문에 소울하트가 있어도 피격되면 악마방 등장확률이 감소한다. 하지만 뼈하트의 경우 안의 빨간하트가 소모되어도 뼈하트는 소모되지 않기 때문에 더 포가튼 한정으로는 매우 좋은 장신구. 단, 빨간하트가 총 반칸만 남았다면 피격시 뼈하트가 순차대로 파괴되니 주의."
108,Walnut (호두),"폭발에 휘말릴 시 일정 확률로 장신구가 파괴되고 무작위 동전, 하트, 열쇠, 장신구를 하나씩 드랍한다. 일반 피격으로는 장신구 효과가 발동되지 않으니 주의. 폭발에 휘말리는 게 조건이지 폭발에 휘말려 피격을 입는 게 조건이 아니기 때문에 Host Hat, Pyromaniac이 있어도 장신구 효과는 발동된다."
109,Duct Tape (덕 테이프),패밀리어들의 움직임을 멈춘다. 장신구를 버리면 다시 움직이지만 줏으면 멈춘다. 멈추는 위치는 줍는 시점에서 고정되며 떨어뜨렸다가 다시 주우면 패밀리어들의 위치를 옮길 수 있다.  일부 패밀리어는 영향을 받지 않는다. 주요 시너지 효과 항목 참고.
110,Silver Dollar (은화),"Chapter3(The Depths, Necropolis, Dank Depths, Mausoleum, Gehenna)에서 이 장신구를 소지한채로 진행하면 다음층인 Chapter4(Womb, Utero, Scarred Womb, Corpse)에서 상점이 생긴다. 소지하고 내려간 층에서 버리더라도 그 층의 상점이 사라지진 않는다. Forget Me Now 등으로 스테이지를 재시작 했을 때에도 상점이 생성된다."
111,Bloody Crown (피투성이 왕관),"Chapter3(The Depths, Necropolis, Dank Depths, Mausoleum, Gehenna)에서 이 장신구를 소지한채로 진행하면 다음층인 Chapter4(Womb, Utero, Scarred Womb, Corpse)에서 보물방이 생긴다. 소지하고 내려간 층에서 버리더라도 그 층의 보물방이 사라지진 않는다. Forget Me Now 등으로 스테이지를 재시작 했을 때에도 보물방이 생성된다.XL 스테이지라면 당연히 보물방이 2개 생성되며 Corpse에서 등장하는 보물방은 다른 리펜턴스 루트 스테이지처럼 하나는 Curse of the Blind에 걸린 채로 선택형 아이템 2개가 제시된다."
112,Pay to Win (부분 유료),"이 장신구를 소치한채로 다음층에 갈때 보물방 계열에 Restock! 효과를 지닌 기부함이 등장한다. 허쉬의 양쪽 보물방에는 효과가 없다. 그리드 모드에선 보물방, 은색 보물방 둘 다 효과가 적용된다. 소지하고 내려간 층에서 버리더라도 그 층의 Restock 기계가 사라지진 않는다. Forget Me Now 등으로 스테이지를 재시작 했을 때에도 Restock 기계가 생성된다."
113,Locust of War (전쟁의 메뚜기),"적이 있는 방에 입장하면, 폭발하는 오렌지색 파리가 생성된다. 이 파리의 데미지는 캐릭터의 공격력의 두배의 피해를 주며 접촉시 폭발 공격력은 60이다. 보스 러쉬에선 매 웨이브마다 생성된다. 폭발이란 효과 때문에 폭발 면역이 없을시 캐릭터도 피격을 당하기 쉬우니 주의. 대부분의 폭탄효과에 영향을 받는다. 부스터팩 #3 이전에는 Locust Of Wrath 라는 이름이였다."
114,Locust of Pestilence (역병의 메뚜기),"적이 있는 방에 입장하면, 적에게 중독을 거는 초록색 파리가 생성된다. 이 파리의 데미지는 캐릭터의 공격력의 두배의 피해를 준다. 보스 러쉬에선 매 웨이브마다 생성된다."
115,Locust of Famine (기근의 메뚜기),"적이 있는 방에 입장하면, 적에게 둔화를 거는 노란색 파리가 생성된다. 이 파리의 데미지는 캐릭터의 공격력의 두배의 피해를 준다. 보스 러쉬에선 매 웨이브마다 생성된다."
116,Locust of Death (죽음의 메뚜기),"적이 있는 방에 입장하면, 높은 데미지를 2번 주는 검은색 파리가 생성된다. 이 파리의 데미지는 캐릭터의 공격력의 네배의 피해를 두번 준다. 메인 메뉴로 나가고 컨티뉴 하기를 계속할때마다 파리가 증식된다. 보스 러쉬에선 매 웨이브마다 생성된다."
117,Locust of Conquest (정복의 메뚜기),"적이 있는 방에 입장하면, 적에게 데미지를 입히는 2~5마리의 하얀색 파리가 생성된다. 이 파리의 데미지는 캐릭터의 공격력의 두배의 피해를 준다. 보스 러쉬에선 매 웨이브마다 생성된다."
118,Bat Wing (박쥐 날개),적이 있는 방에서 적을 잡을때마다 일정 확률로 그 방 한정으로 비행능력이 생긴다.
119,Stem Cell (줄기세포),다음 층으로 내려갈 때 빈 빨간 하트 체력이 있다면 다음 층에서 비어있는 체력의 절반에 해당하는 체력이 회복된다. 빈 뼈 하트에도 적용된다.
120,Hairpin (머리핀),보스 방 진입 시 액티브 아이템의 충전 게이지를 전부 채워준다. The Battery가 있다면 2회분을 채워준다. 보스방에서 이미 효과를 본 경우 텔레포트등을 통해 두번째로 방문했을땐 발동되지 않는다. Dogma에서 The Beast로 넘어갈 때는 적용되지 않으며 그리드 모드에선 Ultra Greed 전에서만 적용된다.
121,Wooden Cross (나무 십자가),매 층마다 Holy Mantle의 효과를 가진 보호막이 생성된다. 이 보호막은 모든 보호막들보다 우선시되는데 피격되어 사라진 보호막은 다른 방에 가도 재생성되지 않으며 이는 The Lost도 마찬가지이므로 주의.
122,Butter! (버터!),"액티브 아이템 사용 시 해당 액티브 아이템 효과를 발동시킨 후 주위에 내려놓는다. 이 장신구를 가진 상태로 캐릭터가 데미지를 입을때 2% 확률로 패시브 아이템도 내려놓는다. 알트 캐릭터들이 알약/카드 슬롯에 소유하고 있는 액티브 아이템들은 사용으로는 내려놓지 않지만 피격시에는 내려놓을 가능성이 있는데 이 경우 다시 주우면 일반 액티브 아이템 슬롯을 차지하며 알트 ""Cain""은 아이템으로 분해되니 이러한 캐릭터라면 사용을 자제하는 게 좋다. 아이작의 번제 오리지널의 공동 제작자였던 플로리안이 이 장신구의 고안자이다. 리펜던스에서 리모트 플레이어로 들어온 2P가 버터와 Guppy's paw같은 아이템을 동시에 들고 보스방에서 아이템을 사용할 경우 아이템 무한 파밍이 가능한 버그가 있다. 단 스탯 증가 및 패시브 효과만 발동되고 세트 변신 효과가 적용되지 않는다."
123,Filigree Feather (세공 깃털),가지고 있을 시 천사가 죽을 때 열쇠 조각 대신 다른 아이템을 내놓는다. Key Piece 1 혹은 2를 소유하고 있어도 이 장신구가 있다면 다른 아이템을 내놓는다. 열쇠 조각을 드랍하지 않는 천사들은 아이템도 드랍하지 않는다.
124,Door Stop (문쐐기),"적이 있는 방에 입장하면, 들어온 문이 닫히지 않고 열려있게 된다. 이는 보스방, 크람푸스 있는 악마방도 해당된다. 엄마방과 보스러쉬방에는 장신구가 발동되지 않는다. Locust 관련 장신구가 있을 경우 방을 왕복하는걸로 해당 장신구들의 파리들을 계속 소환할수 있다."
125,Extension Cord(연장 코드),캐릭터와 패밀리어 사이에 데미지 6의 황색 전류를 주고 받는다. 황색전류는 거리나 오브젝트 제한이 없으며 그 일직선상사이에 있는 적들은 전류 공격을 받는다. 패밀리어가 많을수록 생겨난 패밀리어 순으로 전류를 주고 받는다. 액티브 아이템에 의해 생겨난 패밀리어 또한 전류를 거쳐가는 대상이 된다. 단 패밀리어수가 많다고 데미지나 전류 횟수가 늘어나거나 하진 않는다. The Forgotten 캐릭터의 영혼도 패밀리어 처럼 취급 받아 전류를 주고 받는다. Mom's Box의 영향을 받지 않는다.
126,Rotten Penny (부식된 동전),동전을 획득할 때 마다 아군 파리를 1마리씩 생성한다.
127,Baby-Bender (베이비-벤더),패밀리어들에게 유도 눈물 효과를 부여한다. 당연히 Lilith가 기본으로 소유하는 인큐버스에도 적용된다.
128,Finger Bone (손가락뼈),대미지를 입을 때 5% 확률로 뼈 하트가 주변에 드랍된다. 부스터 팩에서 추가된 장신구들 중 유일하게 모드 출신이 아니다.
129,Jawbreaker (돌사탕),Tough Love와 동일한 일정 확률 크리티컬 효과다. 자세한 설명은 이 항목으로.
130,Chewed Pen (씹힌 펜),10% 확률로 둔화 상태이상을 거는 눈물을 발사한다.확률은 Luck 수치에 비례하며 Luck이 18 이상일 때 100% 확률로 슬로우 눈물을 발사한다.오리지널의 이터널 에디션에만 존재하는 장신구인 Game Squid와 효과가 동일하다.
131,Blessed Penny (축복받은 동전),동전을 획득 시 일정 확률로 소울 하트 반 칸을 얻는다. 확률은 다음과 같다.- 페니(1원) : 16.6%- 더블 페니(2원) : 30.5%- 니켈(5원) : 59.7%- 다임(10원) : 83.3%
132,Broken Syringe (부러진 주사기),방에 입장할 때마다 무작위 주사기 패시브 아이템의 효과가 발동될 수 있다.Experimental Treatment가 걸렸을 경우 체력 수치에는 영향을 주지 않는다.
133,Short Fuse (다혈질),캐릭터가 설치한 폭탄이 터지는 시간이 1.5초에서 0.66초로 감소한다.안티버스에서는 Exploded Firecracker라고 불렸다.
134,Gigante Bean (대왕 콩),"적들의 방귀, 방귀 아이템들의 효과 범위가 넓어진다."
135,A Lighter(라이터),방에 입장 시 일정 확률로 일부 몬스터들이 화상 상태이상에 걸린 채로 나타난다.각각의 몬스터들이 화상에 걸릴 확률은 Luck 수치에 비례하며 Luck 수치가 40 이상이면 모든 몬스터들이 화상 상태이상에 걸린 채로 나타난다.
136,Broken Padlock (부러진 자물쇠),"대부분의 문과 황금상자, 열쇠 블록을 폭발로 열 수 있다.열 수 있는 문- 열쇠 등을 이용하여 여는 문(보물방, 상점, 오락실, 책방, 주사위방, 금고방, 천체관 등)- Downpour/Dross, Mines/Ashpit, Mausoleum/Gehenna로 가기위한 문- A Strange Door불가능한 문- 메가 사탄 문- Mausoleum/Gehenna 2에 엄마 심장으로 갈 수 있는 문"
137,Myosotis(물망초),다음 층으로 내려갈 때마다 이전 층에서 획득하지 못한 픽업 아이템/장신구가 최대 4개까지 시작 방에 등장한다.습득시 대사는 물망초의 꽃말인 '나를 잊지 말아주세요'.
138,M,"액티브 아이템을 사용한 후 액티브 아이템을 다른 무작위 액티브 아이템으로 리롤한다.습득 시 대사는 Broken Remote와 The D6의 합성인데, 실제로 두 아이템을 절묘하게 섞은 효과이다."
139,Teardrop Charm (눈물 부적),Luck 확률에 비례하는 눈물 특수능력의 발동 확률이 +3 Luck만큼 증가한다. 운 스탯이 적용되는 다른 부분에는 영향이 없다.
140,Apple of Sodom (소돔사과),"바닥에 떨어진 빨간 하트 픽업을 획득 시 일정 확률로 체력을 회복하는 대신 방귀를 뀌면서 거미를 소환한다.소환되는 거미의 수는 회복량이 많은 빨간 하트일 수록 증가하며 Fish Tail의 영향을 받지 않는다.빨간 하트가 꽉 차있거나, 빨간 하트 체력이 없는 캐릭터들은 무조건 거미가 소환되며, 상점에서 빨간 하트를 팔 경우 공짜로 거미로 바꿀 수 있다."
141,Forgotten Lullaby (잊혀진 자장가),패밀리어들의 공격 속도가 두 배가 된다.
142,Beth's Faith (베다니의 믿음),다음 스테이지로 내려갈 때마다 Book of Virtues로 생성되는 불꽃 4개가 생성된다.불꽃은 최대 8개까지 생성된다.
143,Old Capacitor (낡은 축전기),방 클리어 시 더 이상 액티브 아이템 게이지가 차오르지 않는 대신 Lil' Battery가 드랍될 확률이 증가한다. Lil' Battery는 다른 픽업 아이템들과는 별개로 생성된다.4.5 Volt와의 시너지가 굉장하다.
144,Brain Worm (두뇌 벌레),캐릭터의 공격이 몬스터 옆을 지나갈 경우 90도로 꺾여서 몬스터에게 날아간다.
145,Perfection (올백),Luck 수치가 +10 증가한다.3개의 스테이지를 한 대도 맞지 않고 클리어하면 주어지며 획득 후 조작 미스로 한 대라도 맞으면 바로 사라진다.
146,Devil's Crown (악마의 왕관),"장착 이후 나오는 보물 방이 빨간 보물 방으로 바뀌며, 보물 방 배열 아이템 대신 악마 방 배열 아이템을 체력 거래로 제시한다.장신구를 떨구면 떨군 즉시 일반 보물 방으로 되돌아가고, 다시 주우면 다시 빨간 보물 방으로 바뀐다. 단, 보물 방 안에 들어간 후에는 바꿀 수 없다.악마 거래로 취급되기 때문에 한 번이라도 거래하면 더 이상 천사 방이 나타나지 않는다.아이템이 두 개 등장했을 경우 둘 다 획득이 가능하며, 리펜던스에서 추가된 변형 스테이지에서 등장할 경우 아이템 한 가지는 Cursed of the Blind가 적용되어 볼 수 없다.Dad's Note를 획득하고 Home으로 올라가는 동안에 등장하는 보물 방의 경우 열지 않은 보물 방에는 효과가 적용된다."
147,Charged Penny (충전된 동전),"동전 획득 시 일정 확률로 액티브 아이템 게이지를 1칸 채워준다.발동 확률은 해당 동전의 가치에 1/6을 한 값의 백분율이며, 10원짜리 동전인 다임은 10/6 = 1.666... = 166.67%이기 때문에 반드시 게이지가 채워진다.안티버스에서는 Electric Penny라는 이름이였다."
148,Friendship Necklace (우정 목걸이),캐릭터를 따라오는 모든 패밀리어가 캐릭터를 중심으로 돈다. 패밀리어 줄이 너무 길어 딜로스가 일어날 때 효과적이다.
149,Panic Button (공황 버튼),피격이 되기 직전에 액티브 아이템을 사용할 수 있다면 해당 액티브 아이템을 발동시킨다.일회용 아이템들은 사용 후 사라진다.사용 시 일정 시간동안 무적이 되는 아이템들과 궁합이 좋다.
150,Blue Key (푸른 열쇠),"열쇠나 동전이 필요한 문을 그 아이템을 소모하는 대신 두 칸 크기의 특수 방을 클리어함으로써 열 수 있다.해당 특수 방은 Hush 등장 스테이지인 ???의 모습을 하고 있으며, Hush 소환몹들이 몬스터로 등장한다.특수 방을 클리어한 후에는 원래 가고자 했던 방으로 갈 수 있으며, 그 방으로는 더 이상 돌아갈 수 없다."
151,Flat File (쇠줄),"장착 이후 게임 내에서 모든 가시들이 사라진다.Mama Gurdy와 The Pile의 가시 공격, A Pound of Flesh의 효과로 생기는 상점의 원형 가시, 그리고 그리드 모드 버튼의 가시에는 영향이 없다."
152,Telescope Lens (망원경 렌즈),"천체관 등장 확률이 9% 증가하고, 한 번 천체방에 진입 후 다음 천체방이 등장할 확률이 1%에서 15%로 증가하며, Chapter4(Womb, Utero, Scarred Womb, Corpse)에서 천체관이 등장할 수 있다."
153,Mom's Lock (엄마의 머리채),방에 입장할 때마다 Mom's (Coin) Purse를 제외한 무작위 Mom's 패시브 아이템의 효과가 발동될 수 있다.
154,Dice Bag (주사위 주머니),"방에 입장할 때마다 50% 확률로 해당 방에서만 사용할 수 있는 무작위 일회용 주사위가 알약/카드 칸에 생긴다.이미 알약/카드를 소지하고 있었을 경우 Ctrl 키로 교체가 가능하다.D Infinity는 당연히 생기지 않으며 Spindown Dice, Dice Shard도 생기지 않는다."
155,Holy Crown (성스러운 왕관),"Chapter4(Womb, Utero, Scarred Womb)에서 이 장신구를 소지한채로 Cathedral로 진입하면 Cathedral에서 보물 방과 상점이 생긴다.생성되는 상점은 일반적인 상점이지만, 보물방은 23가지의 전용 구조 중에서 생성된다."
156,Mother's Kiss (엄마의 입맞춤),"최대 체력이 한 칸 증가하며 최초 습득시에 한해 빨간 하트를 한 칸 채워준다.Mother's Kiss로 오른 최대 체력이 유일한 최대 체력일 때 체력 거래를 하거나 Guppy's Paw 등으로 최대 체력을 없애면 장신구가 사라진다. 이는 Gulp 효과 등으로 흡수되었을 때도 적용된다.키퍼와 알트 키퍼가 획득할 경우 최대 코인 하트 상한(각각 3칸, 2칸)을 초과할 수 있다."
157,Torn Card (찢긴 카드),15번째 눈물이 발사될 때 Ipecac + My Reflection 효과가 적용된 눈물이 발사된다. 저 카드를 다시 붙히면 Suicide King이 될거야...
158,Torn Pocket (구멍난 주머니),"피격 시 자신의 동전, 폭탄, 열쇠 중 두 가지를 떨어뜨린다.같은 아이템을 두 개 떨어뜨릴 수도 있으며 니켈과 같은 비슷한 종류의 다른 픽업 아이템으로 대신해서 떨어질 수도 있다.체력, 소지 개수가 0개인 아이템, 알트 ""???""의 똥은 발동되지 않는다."
159,Gilded Key (황금 열쇠),"장착 이후 나오는 모든 상자가 황금 상자로 바뀐다.황금 상자에서 본래는 상자 하나 당 하나밖에 나오지 않는 카드, 룬, 장신구가 다른 픽업 아이템들과 같이 나올 수 있으며 알약 또한 추가로 나올 수 있다. 이는 하얀 상자에도 적용된다.처음으로 장착 시 열쇠 1개를 획득한다."
160,Lucky Sack (복주머니),다음 층으로 내려갈 때마다 자루가 1개 생성된다.
161,Wicked Crown (사악한 왕관),"Chapter4(Womb, Utero, Scarred Womb)에서 이 장신구를 소지한채로 Sheol로 진입하면 Sheol에서 보물 방과 상점이 생긴다.생성되는 상점은 일반적인 상점이지만, 보물방은 22가지의 전용 구조 중에서 생성된다."
162,Azazel's Stump (아자젤의 뿔대),"방을 클리어할 때마다 일정 확률로 캐릭터가 아자젤의 외형으로 변하여 비행 + 짧은 혈사포 공격을 하게 된다.변신 상태는 몬스터가 있는 방을 클리어하고 그 방을 나갈 때까지 지속된다.캐릭터 자체가 아자젤이 되는 것은 아니기 때문에 체크리스트는 기존의 캐릭터로 달성되며, The Lost의 경우는 체력 없음 + Holy Mantle 보호막이 유지된다."
163,Dingle Berry (똥덩어리),방을 클리어할 때마다 아군 Dip을 소환한다. 확률적으로 특별한 Dip이 소환될 때도 있다.소지하고 있는 동안 스폰되는 Dip 몬스터는 아군이 된다.
164,Ring Cap (딱총 화약),"폭탄을 설치 시 설치한 폭탄 옆에 추가로 폭탄 하나가 더 설치된 후 동시에 터진다.폭탄에 추가 효과를 부여하는 아이템들의 영향을 받는다.알트 ""???""에게는 아무 효과가 없다."
165,Nuh Uh! (싫거든!),"소지 시 Chapter4(Womb, Utero, Scarred Womb)부터 방 클리어시 동전과 열쇠가 나오는 대신 다른 픽업 아이템이나 장신구가 나오게 된다.동전의 경우 20% 확률로 파리로 대체될 수 있다."
166,Modeling Clay (조소 점토),"방에 입장할 때마다 50% 확률로 입장한 방에 맞는 배열을 가진, summonable 태그가 붙어있는 무작위 패시브 아이템의 효과가 적용된다.무작위 패시브 효과가 적용되었을 경우, 장신구의 모습이 갈색 빛깔을 한 해당 패시브 아이템의 이미지로 바뀐다.배열이 없는 방의 경우 보물방 배열 내에서 적용되며, Chaos를 소지하고 있다면 무작위 배열에서 정해진다."
167,Polished Bone (윤이나는 뼈),방을 클리어할 때마다 일정 확률로 아군 (Black) Bony가 소환된다.Eraser로 지운 상태라면 소환되지 않는다.
168,Hollow Heart (빈 뼈 하트),다음 층으로 내려갈 때마다 빈 뼈 하트 체력이 하나 추가된다.하트가 12개 있을 때 가장 오른쪽에 있는 하트가 소울/블랙 하트라면 그 하트를 빈 뼈 하트가 대신한다.
169,Kid's Drawing (어린이 그림),Guppy's 아이템으로 취급되어 다른 Guppy's 아이템을 두 개만 획득해도 Guppy로 변신할 수 있다.Guppy's 아이템을 두 개 획득한 상태에서 장착을 해제하면 Guppy 상태가 해제된다.황금 Kid's Drawing은 Guppy's 아이템을 두 개 획득한 것으로 취급된다!
170,Crystal Key (크리스털 열쇠),방을 클리어할 때마다 일정 확률로 빨간 방이 생성된다.빨간 방 내부에서도 장신구가 발동될 수 있으나 일반 방보다는 확률이 낮다. 이 때 13x13 크기를 넘어 에러 방으로 갈 수도 있다.도전 방의 경우에는 웨이브를 클리어할 때마다 확률이 계산되어 운이 좋다면 빨간 방이 여러 개 생성될 수 있다.
171,Keeper's Bargain (키퍼의 협상),"체력 거래를 요구하는 일부 아이템들을 체력 대신 동전으로 구매할 수 있다.체력 1칸을 요구하는 아이템은 15원, 체력 2칸을 요구하는 아이템은 30원을 요구한다.악마방의 경우 동전을 요구해도 악마 거래임은 변함이 없기 때문에 구매 시 천사방이 더 이상 나오지 않는다."
172,Cursed Penny (저주받은 동전),동전을 획득 시 무작위 장소로 텔레포트한다.
173,Your Soul (네 영혼),최대 체력을 대가로 거래 시 최대 체력 대신 이 장신구를 소모하여 거래를 할 수 있다.두 Keeper와 The Lost한테는 아무 쓸모가 없다.
174,Number Magnet (숫자 자석),"악마 방 및 천사 방의 등장 확률이 10% 증가한다.소지하는 동안 악마 방에서 Krampus의 출현을 막으며, 악마 방의 구조를 11개의 구조(그리드 모드는 6개)로 고정시킨다.Number Magnet으로 고정되는 악마 방의 구조에서는 악마 방 아이템 0~3개(대부분은 2~3개), 1~3개의 블랙 하트, Sheol에서 출현하는 몬스터 1마리 이상이 나온다."
175,Strange Key (이상한 열쇠),It Lives! 격파 후 시간에 관계없이 Hush로 가는 문이 열린다.
176,Lil Clot (꼬마 혈전),"장착 시 알트 ""Eve""가 생성할 수 있는 핏덩이 패밀리어가 소환된다.핏덩이는 아이작을 따라오면서(Ctrl 키로 아이작만 움직이게 할 수 있다) 캐릭터가 눈물을 쏘는 방향을 향해 눈물을 쏘며, 아이작의 공격 형태를 따라온다.핏덩이의 사거리, 연사 속도, 눈물 속도는 캐릭터와 동일하며, 데미지는 캐릭터의 0.35배이다.핏덩이는 적의 공격을 3번 버틸 수 있으며, 죽었을 경우에는 새 방으로 진입하면 리스폰된다.장착을 해제해도 소환된 핏덩이가 사라지지는 않지만 핏덩이가 죽으면 더 리스폰되지 않는다."
177,Temporary Tattoo ( 스티커 문신),"도전 방 클리어 후 상자가 하나 스폰되며, 보스 도전 방 클리어 후 보스 방 배열 패시브 아이템이 하나 생성된다."
178,Swallowed M80 (삼킨 M80),피격 시 캐릭터 주변에 폭발이 일어난다.폭발의 데미지는 185이며 폭탄 관련 패시브 아이템의 효과를 받는다.
179,RC Remote (RC 리모컨),캐릭터의 뒤를 따라오는 패밀리어들이 캐릭터의 이동 경로를 정확히 따라온다.Ctrl 키를 누르면 캐릭터만 움직이고 패밀리어들은 고정된다. 이해가 되지 않는다면 Jacob and Esau 캐릭터를 생각하면 된다.
180,Found Soul (길찾은 영혼),"유령 패밀리어가 아이작을 따라온다.유령은 아이작을 따라오면서(Ctrl 키로 캐릭터만 움직이게 할 수 있다) 캐릭터가 눈물을 쏘는 방향을 향해 지형 관통 눈물을 쏘며, 아이작의 공격 형태와 일부 아이템의 효과를 따라하고 일부 장신구의 효과를 같이 볼 수 있다.유령의 사거리, 연사 속도, 눈물 속도는 캐릭터와 동일하며, 데미지는 캐릭터의 0.4배이다.캐릭터가 폭탄을 설치할 경우 유령도 같이 폭탄을 설치하며, 버튼을 누를 수 있다.유령은 장착을 해제하거나 한 대 맞으면 사라지며, 한 대 맞고 사라진 유령은 다음 층에서 리스폰된다."
181,Expansion Pack (확장팩),"액티브 아이템 사용 시 쿨타임이 1~2칸인 다른 무작위 액티브 아이템의 효과가 같이 발동된다.Shoop Da Whoop!와 같이 추가 조작이 필요한 액티브 아이템이 걸렸다면 장신구가 한 번 더 발동된다.D Infinity의 경우 기본 쿨타임이 2칸이라 이 장신구의 효과로 발동될 수 있는데, 주사위는 랜덤으로 선택된다."
182,Beth's Essence (베다니의 정수),천사 방에 진입할 때 Book of Virtues로 생성되는 불꽃 5개가 생성된다.거지에게 기부를 하면 낮은 확률로 불꽃 1개가 생성된다.
183,The Twins (쌍둥이),방에 입장할 때마다 일정 확률로 자신의 패밀리어 중 하나가 복사된다.패밀리어가 없을 경우 Brother Bobby나 Sister Maggy 중 하나가 대신 생성된다.
184,Adoption Papers (입양 서류),"상점에서 하나 이상의 패밀리어를 반드시 판매하며, 가격은 10원이다. 장신구를 드랍하면 가격은 15원으로 바뀌지만, 팔고 있는 아이템은 바뀌지 않는다."
185,Cricket Leg (귀뚜라미 다리),적을 처치할 때 일정 확률로 Locust of xxx 장신구로 생성되는 자폭 파리들 중 한 마리가 스폰된다.
186,Apollyon's Best Friend (아폴리온의 절친),"알트 ""Apollyon"" 캐릭터가 Abyss 아이템으로 소환할 수 있는 빨간 파리가 스폰된다."
187,Broken Glasses (깨진 안경),보물 방에서 33%의 확률로 무슨 아이템인지 볼 수 없는 아이템이 추가로 하나 등장한다.리펜던스에서 추가된 변형 스테이지에서는 원래 보이지 않는 보물 방 아이템이 무슨 아이템인지 보여준다.
188,Ice Cube (얼음조각)),"방에 입장 시 일부 몹들이 석화 상태이상에 걸린 채로 나타나는데, 이 석화 상태의 적을 석화 지속시간 4초 + 추가 시간 2초 이내에 처치하면 적이 얼어붙는다.얼어붙은 적들은 캐릭터가 건드는 방향으로 날아가며, 벽이나 몬스터에 닿을 시 부서지면서 12방향으로 고드름을 발사한다. 이 고드름에 맞은 적은 둔화 상태이상에 걸리며, 고드름에 맞고 죽은 적은 똑같이 얼어붙는다."
189,Sigil of Baphomet (바포메트의 인장),"적을 처치할 때마다 1초간 무적 상태가 된다.무적 시간동안 적을 처치할 경우 지속 시간이 추가로 1초, 최대 10초까지 증가한다."